{"background": {"value": 0}, "boat": {"value": 2, "logit": 0.34, "box": [1283.5096435546875, 746.0416259765625, 1400.0029296875, 823.4329833984375]}, "mountain": {"value": 3, "logit": 0.3, "box": [5.11346435546875, 4.796783447265625, 2031.972412109375, 818.0191650390625]}, "pole": {"value": 4, "logit": 0.29, "box": [1422.0225830078125, 835.90234375, 1462.43896484375, 988.808837890625]}, "water waterway": {"value": 5, "logit": 0.28, "box": [5.06072998046875, 790.4069213867188, 2033.375244140625, 1351.442138671875]}, "grass reed": {"value": 6, "logit": 0.27, "box": [4.24078369140625, 602.0680541992188, 898.967041015625, 1351.993408203125]}}